Ligand,HOMO Energy (eV),LUMO Energy (eV),Lowdin Charge (Cu),Lowdin Charge (N),Lowdin Charge (L1),Lowdin Charge (L2),Bonded Valence (Cu),Bonded Valence (N),Bonded Valence (L1),Bonded Valence (L2),Atomic Population (Cu),Atomic Population (N),Atomic Population (L1),Atomic Population (L2),Bond Order (Cu-N),Bond Order (Cu-L1),Bond Order (Cu-L2),Orbital Charge N(s),Orbital Charge N(p),Orbital Charge N(pz),Orbital Charge N(px),Orbital Charge N(py),Orbital Charge Cu(s),Orbital Charge Cu(p),Orbital Charge Cu(pz),Orbital Charge Cu(px),Orbital Charge Cu(py),Orbital Charge Cu(d),Orbital Charge Cu(dxz),Orbital Charge Cu(dyz),Orbital Charge Cu(dxy),Orbital Charge Cu(dz2),Orbital Charge Cu(dx2y2),Orbital Charge L1(s),Orbital Charge L1(p),Orbital Charge L1(pz),Orbital Charge L1(px),Orbital Charge L1(py),Orbital Charge L1(d),Orbital Charge L1(dxz),Orbital Charge L1(dyz),Orbital Charge L1(dxy),Orbital Charge L1(dz2),Orbital Charge L1(dx2y2),Orbital Charge L2(s),Orbital Charge L2(p),Orbital Charge L2(pz),Orbital Charge L2(px),Orbital Charge L2(py),Orbital Charge L2(d),Orbital Charge L2(dxz),Orbital Charge L2(dyz),Orbital Charge L2(dxy),Orbital Charge L2(dz2),Orbital Charge L2(dx2y2)
AROJAU,-3.0194,-2.0796,-0.0950,-0.0851,0.2011,0.1654,2.5427,3.1412,3.3441,3.0028,29.3132,7.2829,7.0594,7.2504,0.9603,0.6492,0.5102,3.0217,3.8188,1.3043,1.2140,1.3005,6.4111,12.5659,4.1551,4.2019,4.2090,10.1176,1.9790,2.0270,2.0183,2.0292,2.0641,2.9677,3.5536,1.2372,1.1716,1.1448,0.2580,0.0313,0.0622,0.0594,0.0418,0.0632,2.9499,3.6361,1.2463,1.1540,1.2358,0.2304,0.0542,0.0292,0.0571,0.0360,0.0539
ATOMED,-3.2493,-1.9787,0.0062,-0.0810,0.0259,0.1184,2.7236,3.0895,1.9338,2.0890,29.1159,7.3331,8.5580,8.3477,0.9262,0.4264,0.6555,3.0301,3.8065,1.2697,1.4172,1.1196,6.3284,12.5245,4.2309,4.1418,4.1517,10.1403,2.0702,2.0686,2.0780,1.8695,2.0540,3.3745,4.5264,1.5182,1.4050,1.6031,0.0682,0.0156,0.0039,0.0221,0.0075,0.0191,3.3445,4.4408,1.4301,1.5682,1.4426,0.0891,0.0160,0.0262,0.0115,0.0252,0.0102
AVIYAG,-2.7804,-1.2409,-0.1463,-0.1373,0.1547,-0.0565,1.7702,3.0452,2.1290,1.8549,29.3370,7.2930,8.3097,8.6166,0.9024,0.0000,0.8093,3.0344,3.8632,1.1964,1.2799,1.3869,6.5891,12.3981,4.0966,4.1857,4.1158,10.1588,1.9774,2.0481,2.0442,2.0500,2.0391,3.3905,4.3806,1.3537,1.4485,1.5783,0.0684,0.0209,0.0076,0.0160,0.0085,0.0154,3.3762,4.6044,1.4507,1.6079,1.5458,0.0712,0.0144,0.0192,0.0095,0.0178,0.0102
BEKKOU,-3.4880,-2.7780,-0.0550,-0.0676,0.0843,0.0870,2.4712,3.2503,3.2481,2.0469,29.1974,7.2321,7.0285,8.4319,1.0367,0.7763,0.3910,3.0230,3.7921,1.2975,1.2636,1.2310,6.4248,12.5694,4.1879,4.2102,4.1713,10.0604,1.9736,2.0404,2.0166,2.0084,2.0213,3.0826,3.4722,1.2931,1.1308,1.0483,0.3274,0.0467,0.0536,0.0982,0.0631,0.0657,3.3711,4.4665,1.4343,1.4664,1.5658,0.0698,0.0221,0.0097,0.0114,0.0123,0.0144
BEYPOL,-3.1968,-2.0996,-0.0315,-0.1189,0.1158,0.1529,1.9128,3.0901,2.8477,3.3397,29.3930,7.2630,7.4021,7.0722,0.9275,0.0000,0.7801,3.0284,3.8519,1.2477,1.2455,1.3588,6.5469,12.4115,4.1167,4.1772,4.1176,10.0727,1.9693,2.0267,2.0273,2.0231,2.0264,2.9907,3.6711,1.3155,1.1804,1.1752,0.2048,0.0480,0.0291,0.0481,0.0395,0.0400,2.9610,3.6212,1.2110,1.2394,1.1708,0.2461,0.0472,0.0385,0.0609,0.0366,0.0629
BOXPEL,-3.1100,-0.0219,-0.0534,-0.1336,0.0500,0.0188,1.6908,3.0535,2.1168,2.0534,29.2556,7.3047,8.4246,8.4507,0.9093,0.7160,0.0000,3.0256,3.8638,1.3413,1.3417,1.1808,6.5996,12.3833,4.1477,4.1704,4.0653,10.0701,1.9616,2.0126,2.0040,2.0556,2.0363,3.3456,4.5202,1.5430,1.5180,1.4591,0.0786,0.0062,0.0179,0.0198,0.0113,0.0234,3.4055,4.5054,1.4673,1.4847,1.5534,0.0645,0.0087,0.0187,0.0137,0.0097,0.0137
BUKNEA,-3.8073,-3.1004,0.0193,-0.0531,0.0969,0.1674,2.3643,3.2800,3.1789,2.1285,29.1574,7.2398,6.9456,8.3648,1.0286,0.7507,0.3096,3.0308,3.7753,1.3367,1.3013,1.1374,6.4251,12.5152,4.2200,4.1823,4.1129,10.0400,1.9476,2.0784,2.0220,2.0037,1.9883,3.0747,3.4791,1.2987,1.0420,1.1383,0.3160,0.0618,0.0479,0.0742,0.0654,0.0668,3.3629,4.3903,1.4544,1.4880,1.4478,0.0734,0.0236,0.0161,0.0065,0.0207,0.0065
BUNGIA01,-2.7375,-1.2090,-0.1191,-0.1206,0.0544,0.1255,1.9679,3.0329,1.9995,2.0460,29.1534,7.3658,8.5020,8.4081,0.9014,0.5974,0.3039,3.0360,3.8480,1.3905,1.3323,1.1252,6.4806,12.4487,4.1966,4.1599,4.0922,10.1894,1.9853,2.0641,2.0493,2.0846,2.0061,3.3480,4.5179,1.4617,1.5193,1.5369,0.0744,0.0145,0.0131,0.0187,0.0113,0.0168,3.3603,4.4303,1.3985,1.4938,1.5381,0.0779,0.0125,0.0134,0.0233,0.0100,0.0186
CAFMIF,-2.9468,-0.5129,-0.1126,-0.1361,0.0672,-0.0750,1.8105,3.0414,2.1381,2.0033,29.2714,7.3589,8.3662,8.4696,0.8910,0.0000,0.7909,3.0319,3.8630,1.1478,1.2837,1.4314,6.5982,12.3984,4.0664,4.1629,4.1691,10.1156,1.9955,2.0132,1.9689,2.0399,2.0980,3.4097,4.4510,1.3756,1.5880,1.4874,0.0661,0.0055,0.0200,0.0161,0.0082,0.0163,3.3844,4.6109,1.3865,1.6091,1.6153,0.0745,0.0168,0.0174,0.0052,0.0294,0.0057
CIPMUK,-3.0655,-1.6297,-0.0921,-0.1081,0.1855,0.1867,1.9826,3.1323,2.1641,2.1749,29.0896,7.3236,8.3125,8.3558,1.0167,0.3105,0.4385,3.0238,3.8419,1.3202,1.3278,1.1939,6.4400,12.4703,4.1615,4.1711,4.1376,10.1816,2.0201,1.9834,2.0510,2.0544,2.0726,3.3482,4.3832,1.4515,1.5208,1.4109,0.0770,0.0154,0.0186,0.0148,0.0128,0.0153,3.3314,4.3943,1.4400,1.5462,1.4080,0.0815,0.0238,0.0177,0.0085,0.0226,0.0089
CIVVEK,-3.6036,-2.1391,-0.0431,0.1664,0.1353,0.0654,1.9146,3.3389,2.1288,2.9913,29.0583,7.1529,8.4293,7.1479,0.5512,0.5749,0.4491,2.9211,3.5930,1.2000,1.1170,1.2760,6.3728,12.4078,4.1159,4.1406,4.1512,10.2623,2.0414,2.0383,2.0470,2.0561,2.0796,3.3447,4.4375,1.4444,1.4532,1.5399,0.0765,0.0201,0.0068,0.0165,0.0108,0.0222,3.0137,3.6047,1.1684,1.3715,1.0648,0.2906,0.0440,0.0651,0.0575,0.0539,0.0701
COJTUQ,-2.7750,-0.5068,-0.1869,-0.1200,-0.0034,0.0690,1.8681,3.0279,3.1247,2.0208,29.1761,7.3747,7.4614,8.4018,0.8988,0.3823,0.4007,3.0339,3.8477,1.3004,1.1715,1.3757,6.4892,12.4883,4.1871,4.1707,4.1305,10.2092,2.0351,1.9962,2.0472,2.0636,2.0671,3.0258,3.8049,1.3641,1.1616,1.2793,0.1617,0.0442,0.0230,0.0187,0.0279,0.0480,3.3580,4.4937,1.4609,1.5913,1.4414,0.0735,0.0186,0.0176,0.0054,0.0258,0.0061
DOFCUW,-2.8319,-2.7615,-0.0530,-0.0618,-0.0755,0.1705,2.4514,3.2173,1.8582,2.0837,29.1762,7.2160,8.6243,8.4065,0.9564,0.7599,0.4134,3.0260,3.7869,1.2147,1.3151,1.2571,6.4462,12.5132,4.1470,4.1859,4.1804,10.0931,2.0214,1.9750,2.0501,2.0482,1.9985,3.4011,4.6036,1.5114,1.4748,1.6175,0.0664,0.0188,0.0106,0.0120,0.0112,0.0138,3.3540,4.3884,1.3637,1.5499,1.4748,0.0810,0.0143,0.0169,0.0194,0.0096,0.0208
EFAJOM,-3.1515,-2.6571,-0.0725,-0.0892,0.1506,0.1764,2.1299,3.1747,2.1195,2.1089,29.1106,7.2928,8.4384,8.3742,0.9982,0.5931,0.3059,3.0253,3.8191,1.3429,1.3302,1.1459,6.4361,12.5024,4.1783,4.1817,4.1424,10.1337,1.9756,2.0547,2.0449,2.0342,2.0243,3.3261,4.4326,1.3960,1.4839,1.5527,0.0848,0.0189,0.0154,0.0174,0.0164,0.0166,3.3452,4.3949,1.4228,1.4900,1.4821,0.0774,0.0214,0.0170,0.0089,0.0203,0.0098
ELUFUN,-3.7490,-3.1200,0.0369,-0.0334,0.1525,0.0841,2.6879,3.3142,3.1546,3.2695,29.2084,7.2039,7.0604,7.0148,1.0211,0.5422,0.7071,3.0264,3.7554,1.2272,1.3333,1.1949,6.3988,12.5602,4.1359,4.2287,4.1955,10.0038,2.0181,1.9453,2.0536,1.9968,1.9899,3.0041,3.5258,1.1550,1.3011,1.0697,0.2884,0.0374,0.0667,0.0704,0.0454,0.0685,3.0299,3.5444,1.3155,1.0995,1.1294,0.3144,0.0663,0.0445,0.0737,0.0483,0.0816
FUCKOD01,-3.1352,-2.5533,-0.0642,-0.0833,0.0621,0.0962,2.4370,3.1863,2.0201,3.2488,29.2121,7.2788,8.4080,6.9674,0.9799,0.4164,0.7158,3.0301,3.8091,1.2539,1.2269,1.3282,6.4318,12.5453,4.1971,4.1948,4.1534,10.0867,2.0408,1.9363,2.0378,2.0645,2.0072,3.3732,4.4876,1.4554,1.5356,1.4966,0.0715,0.0166,0.0174,0.0086,0.0185,0.0104,3.0213,3.5367,1.1610,1.1422,1.2335,0.3190,0.0609,0.0336,0.0821,0.0504,0.0920
GAPNIW,-3.2791,-2.5477,-0.0856,-0.0808,0.1144,0.1168,2.2743,3.1807,3.1803,2.0140,29.1887,7.3180,7.0048,8.5097,0.9719,0.5714,0.4161,3.0276,3.8109,1.3161,1.3112,1.1836,6.4236,12.5044,4.1540,4.1979,4.1526,10.1573,1.9940,2.0562,2.0581,2.0306,2.0185,3.0073,3.5505,1.1430,1.3414,1.0661,0.3011,0.0443,0.0753,0.0614,0.0468,0.0733,3.3509,4.4467,1.4452,1.4683,1.5332,0.0798,0.0223,0.0151,0.0103,0.0206,0.0114
GAQZAB,-3.3951,-2.6497,-0.0568,-0.0773,0.1186,0.0694,2.3034,3.2115,2.0298,3.0615,29.1585,7.2564,8.5180,7.1603,1.0140,0.4232,0.5328,3.0258,3.8069,1.1839,1.2584,1.3646,6.4149,12.5030,4.1592,4.1993,4.1445,10.1386,1.9909,2.0293,2.0431,2.0820,1.9933,3.3512,4.4456,1.4615,1.4874,1.4967,0.0787,0.0220,0.0093,0.0162,0.0141,0.0172,3.0196,3.5862,1.1184,1.2894,1.1784,0.2991,0.0493,0.0687,0.0448,0.0756,0.0608
GUZZAD,-2.7869,-1.8552,-0.0905,-0.1149,0.0683,0.1336,2.0710,3.0615,2.0313,2.0586,29.1285,7.3512,8.4830,8.4039,0.9175,0.6036,0.3407,3.0362,3.8418,1.3450,1.3238,1.1729,6.4596,12.4564,4.1933,4.1527,4.1104,10.1742,1.9845,2.0739,2.0498,2.0706,1.9953,3.3466,4.5038,1.4528,1.5234,1.5276,0.0759,0.0143,0.0150,0.0179,0.0126,0.0161,3.3568,4.4237,1.4217,1.4740,1.5279,0.0799,0.0137,0.0142,0.0226,0.0100,0.0195
HTCDOD,-2.7465,-1.5873,-0.1239,-0.1069,-0.0489,0.1272,2.4124,3.0697,1.8982,2.0392,29.1865,7.3004,8.5691,8.3882,0.9098,0.7563,0.4330,3.0370,3.8340,1.2043,1.3280,1.3017,6.4533,12.4979,4.1047,4.2054,4.1877,10.1723,2.0220,2.0417,1.9717,2.0280,2.1090,3.3789,4.5954,1.5263,1.5680,1.5011,0.0700,0.0101,0.0184,0.0134,0.0144,0.0137,3.3648,4.4153,1.5220,1.5048,1.3885,0.0868,0.0191,0.0215,0.0125,0.0217,0.0121
HUKPUY,-3.1299,-2.6372,-0.0929,-0.0992,0.1209,0.1161,2.0608,3.1615,2.1047,2.1738,29.1565,7.2976,8.3962,8.3751,0.9750,0.2677,0.6254,3.0234,3.8262,1.2947,1.3412,1.1904,6.4705,12.4934,4.1680,4.1610,4.1645,10.1286,2.0065,2.0266,1.9955,2.0628,2.0371,3.3757,4.4257,1.4896,1.4114,1.5247,0.0719,0.0101,0.0174,0.0167,0.0125,0.0153,3.3461,4.4498,1.4217,1.4185,1.6095,0.0821,0.0212,0.0174,0.0095,0.0237,0.0103
KEVSUB,-2.9148,-0.6337,-0.1156,-0.1375,-0.0333,0.1254,1.7452,3.0577,1.8428,2.1542,29.3251,7.2969,8.6150,8.3140,0.9215,0.7830,0.0000,3.0336,3.8635,1.1933,1.2775,1.3928,6.5844,12.3833,4.1023,4.1670,4.1139,10.1476,1.9725,2.0389,2.0314,2.0569,2.0479,3.3681,4.5874,1.4433,1.6028,1.5412,0.0730,0.0157,0.0193,0.0099,0.0184,0.0096,3.3920,4.4095,1.3900,1.4460,1.5735,0.0669,0.0229,0.0072,0.0122,0.0101,0.0144
MELTEF,-2.7146,-1.9282,-0.0907,-0.1167,0.1266,0.0514,2.0234,3.0568,2.0821,2.0234,29.1337,7.3450,8.3773,8.4773,0.9097,0.3092,0.6098,3.0374,3.8424,1.1198,1.2855,1.4371,6.4729,12.4388,4.0511,4.2123,4.1753,10.1786,2.0270,2.0165,2.0766,2.0056,2.0528,3.3671,4.4242,1.4482,1.5373,1.4388,0.0761,0.0205,0.0174,0.0078,0.0222,0.0083,3.3533,4.5161,1.4364,1.5087,1.5710,0.0740,0.0187,0.0157,0.0091,0.0206,0.0100
MIRNIN,-2.6901,-1.2440,-0.1756,-0.1209,0.1661,-0.0504,1.9812,3.0653,2.1191,1.8384,29.2409,7.3381,8.3381,8.6077,0.9408,0.2891,0.6180,3.0351,3.8475,1.3536,1.3114,1.1825,6.4935,12.4619,4.1519,4.1713,4.1387,10.2200,1.9716,2.0525,2.0423,2.0755,2.0780,3.3623,4.3872,1.4528,1.4424,1.4919,0.0782,0.0226,0.0182,0.0064,0.0236,0.0073,3.3957,4.5854,1.5068,1.6140,1.4647,0.0647,0.0085,0.0198,0.0116,0.0112,0.0136
NADVUN,-3.3682,-2.5057,-0.0715,-0.0755,0.2117,0.2118,2.4989,3.2195,3.2918,3.2691,29.3180,7.2212,7.1234,7.1309,0.9895,0.6332,0.5999,3.0231,3.8023,1.3522,1.3034,1.1467,6.4115,12.5886,4.1924,4.2057,4.1905,10.0711,2.0019,2.0314,2.0240,1.9742,2.0396,2.9643,3.5499,1.1490,1.2604,1.1406,0.2545,0.0300,0.0606,0.0641,0.0370,0.0628,2.9651,3.5496,1.1807,1.1229,1.2459,0.2541,0.0465,0.0446,0.0585,0.0384,0.0661
OLUVIC,-2.8485,-1.5748,-0.1088,-0.0977,0.0304,0.0840,2.1784,3.0904,2.0019,2.9226,29.1629,7.3173,8.5043,7.1627,0.9125,0.6570,0.3604,3.0266,3.8287,1.2572,1.4026,1.1689,6.4585,12.4574,4.1591,4.1776,4.1207,10.1926,2.0414,1.9790,2.0404,2.0444,2.0874,3.3520,4.5373,1.4063,1.5774,1.5536,0.0751,0.0182,0.0240,0.0043,0.0251,0.0034,3.0351,3.5567,1.1772,1.1111,1.2685,0.2972,0.0746,0.0866,0.0359,0.0649,0.0352
PETNIO,-2.9185,-2.2725,-0.0974,-0.0929,0.2035,0.0560,2.4011,3.1758,3.3151,2.0125,29.2639,7.2853,7.0958,8.4170,0.9716,0.6734,0.4285,3.0283,3.8207,1.3086,1.3205,1.1916,6.4327,12.5366,4.1597,4.1957,4.1813,10.1277,1.9923,2.0572,2.0412,2.0198,2.0172,2.9625,3.5606,1.1463,1.2808,1.1335,0.2537,0.0346,0.0501,0.0721,0.0326,0.0643,3.3709,4.4963,1.4483,1.4992,1.5488,0.0712,0.0211,0.0118,0.0107,0.0133,0.0144
POPJEK,-3.4785,-2.2992,-0.0272,-0.0984,0.1419,0.0781,2.1957,3.1879,2.1273,3.3817,29.2872,7.2485,8.3395,6.8636,1.0206,0.1859,0.7888,3.0224,3.8293,1.3789,1.2905,1.1598,6.4841,12.4982,4.1763,4.2147,4.1071,10.0445,1.9689,2.0375,2.0141,1.9911,2.0328,3.3819,4.4012,1.4006,1.4450,1.5556,0.0691,0.0225,0.0077,0.0119,0.0111,0.0157,3.0137,3.5433,1.2026,1.2302,1.1105,0.3330,0.0441,0.0657,0.0901,0.0471,0.0860
POXPEX,-3.0914,0.0972,-0.0848,-0.1154,0.0301,0.0737,1.8921,3.0991,2.1111,3.1144,29.4041,7.2610,8.4104,7.2466,0.9523,0.0000,0.7165,3.0298,3.8499,1.3359,1.2619,1.2521,6.5556,12.3901,4.1449,4.1078,4.1374,10.1388,2.0111,1.9967,2.0197,2.0744,2.0370,3.4039,4.4941,1.4286,1.5646,1.5010,0.0660,0.0022,0.0170,0.0187,0.0075,0.0206,2.9917,3.6913,1.2016,1.2507,1.2390,0.2261,0.0315,0.0574,0.0476,0.0414,0.0482
PUKKEM,-2.7188,-1.4638,-0.1598,-0.1040,0.1796,-0.0996,2.3879,3.0917,3.2651,1.8847,29.2619,7.3072,7.1007,8.5761,0.9258,0.5959,0.5440,3.0249,3.8351,1.2888,1.3581,1.1882,6.4408,12.5604,4.2007,4.1600,4.1997,10.1583,2.0018,2.0122,2.0381,2.0700,2.0362,2.9732,3.5651,1.2446,1.0976,1.2229,0.2623,0.0420,0.0689,0.0461,0.0606,0.0447,3.3995,4.6267,1.5021,1.6054,1.5192,0.0685,0.0107,0.0212,0.0124,0.0122,0.0120
PUTYUA,-2.4190,-1.7160,-0.1501,-0.1139,0.1463,-0.0594,2.1800,3.0756,1.8987,1.8247,29.1871,7.3238,8.5344,8.6092,0.9150,0.4351,0.5390,3.0317,3.8393,1.3240,1.3426,1.1727,6.4451,12.4717,4.1685,4.1736,4.1296,10.2331,2.0516,2.0125,2.0274,2.0684,2.0732,3.3499,4.4185,1.4138,1.5452,1.4595,0.0796,0.0149,0.0207,0.0139,0.0142,0.0158,3.4147,4.5755,1.4234,1.5462,1.6059,0.0648,0.0215,0.0119,0.0071,0.0150,0.0094
QERCEW,-3.4532,-3.0195,-0.0095,-0.0695,0.0649,0.0658,2.1876,3.2610,2.0193,2.0214,29.1589,7.2529,8.4650,8.4637,0.9966,0.4899,0.5050,3.0240,3.7887,1.2907,1.3177,1.1803,6.4629,12.4602,4.1586,4.1678,4.1339,10.0860,1.9912,2.0265,2.0551,2.0171,1.9961,3.3815,4.4784,1.4404,1.4458,1.5922,0.0696,0.0126,0.0187,0.0128,0.0135,0.0120,3.3807,4.4782,1.5145,1.4902,1.4735,0.0697,0.0044,0.0160,0.0170,0.0100,0.0223
REXDUW,-3.0991,-2.4259,-0.0768,-0.0513,0.1602,-0.0912,2.6747,3.1677,2.0511,1.8770,29.0675,7.2435,8.3656,8.5893,0.9269,0.1466,0.6990,3.0377,3.7721,1.3102,1.2910,1.1709,6.3899,12.5303,4.2044,4.2070,4.1188,10.1563,1.9339,2.0236,2.0701,2.0698,2.0589,3.3658,4.3969,1.4239,1.4786,1.4945,0.0708,0.0217,0.0072,0.0135,0.0100,0.0185,3.3892,4.6290,1.5070,1.5839,1.5381,0.0683,0.0118,0.0186,0.0109,0.0149,0.0120
SODRUA,-3.5034,-2.3185,-0.0134,-0.0989,0.0747,0.1415,2.1706,3.1864,3.3775,2.1273,29.3012,7.2490,6.8242,8.3331,1.0186,0.7883,0.1580,3.0224,3.8304,1.2875,1.2442,1.2987,6.4927,12.4881,4.1700,4.1927,4.1254,10.0322,1.9755,2.0379,1.9973,2.0060,2.0155,3.0144,3.5459,1.2192,1.1939,1.1329,0.3330,0.0807,0.0424,0.0765,0.0616,0.0719,3.3853,4.3987,1.4592,1.5039,1.4357,0.0685,0.0226,0.0080,0.0115,0.0118,0.0146
SOHRIQ01,-2.7762,-1.0744,-0.1231,-0.1150,0.1858,0.0947,2.0251,2.9905,2.0978,3.0343,29.2333,7.3704,8.3670,7.1974,0.8331,0.3121,0.6303,3.0350,3.8471,1.2506,1.4016,1.1950,6.4660,12.4486,4.1166,4.2312,4.1008,10.2083,2.0145,2.0214,2.0491,2.0578,2.0654,3.3439,4.3830,1.4455,1.5827,1.3547,0.0810,0.0210,0.0236,0.0055,0.0259,0.0050,2.9911,3.6761,1.2121,1.2969,1.1672,0.2186,0.0363,0.0393,0.0610,0.0335,0.0485
TUHXAV01,-3.1919,-2.5141,0.0108,-0.0757,0.1270,0.1364,2.2624,3.1798,2.0166,2.0518,29.0426,7.2858,8.4668,8.4112,0.9736,0.5263,0.4670,3.0317,3.7998,1.1738,1.3027,1.3233,6.4259,12.4569,4.0690,4.1911,4.1968,10.1060,2.0574,2.0074,2.0144,1.9949,2.0319,3.3410,4.4491,1.4764,1.5082,1.4645,0.0774,0.0208,0.0130,0.0130,0.0180,0.0126,3.3532,4.4221,1.5123,1.5756,1.3341,0.0825,0.0210,0.0171,0.0108,0.0195,0.0140
UBOJUS,-2.5383,-1.7149,-0.1874,-0.1081,0.1499,0.1539,2.2891,3.0689,3.0248,2.0978,29.1966,7.3591,7.2579,8.4245,0.9392,0.4591,0.4806,3.0324,3.8367,1.2027,1.1930,1.4409,6.3975,12.5237,4.1612,4.1819,4.1807,10.2659,2.0063,2.0322,2.0856,2.0611,2.0807,2.9634,3.6414,1.2113,1.1526,1.2776,0.2280,0.0436,0.0373,0.0589,0.0333,0.0549,3.3288,4.4289,1.4731,1.4270,1.5288,0.0823,0.0140,0.0134,0.0230,0.0109,0.0210
UDEGUH,-4.3759,-2.5100,0.1700,-0.0423,0.1263,0.1826,2.5489,3.3037,2.0841,2.0926,29.2231,7.1815,8.3554,8.3231,1.1365,0.8057,0.1305,3.0327,3.7544,1.2461,1.2962,1.2120,6.3580,12.5021,4.1414,4.2168,4.1438,9.9691,2.0206,2.0005,2.0577,1.9179,1.9724,3.3459,4.4263,1.4356,1.4411,1.5495,0.0941,0.0284,0.0162,0.0125,0.0228,0.0141,3.3663,4.3747,1.4700,1.3918,1.5128,0.0701,0.0129,0.0223,0.0070,0.0194,0.0085
ULUHUE,-3.3694,-2.9277,0.0666,-0.0272,0.0407,0.0949,2.5586,3.2519,2.0372,2.0233,29.0138,7.1865,8.4868,8.4603,0.9646,0.6663,0.5723,3.0348,3.7452,1.2441,1.2388,1.2622,6.3977,12.5123,4.1983,4.1567,4.1573,10.0229,2.0489,1.9573,2.0238,2.0417,1.9512,3.3544,4.5245,1.4585,1.4866,1.5795,0.0752,0.0167,0.0114,0.0167,0.0125,0.0180,3.3614,4.4578,1.4652,1.4903,1.5023,0.0805,0.0187,0.0095,0.0233,0.0093,0.0198
VANCET,-3.0076,-2.2401,-0.0218,-0.0780,0.0419,0.0868,2.2816,3.1605,2.0162,1.9315,29.0742,7.2658,8.4884,8.5416,0.9398,0.6216,0.4174,3.0280,3.8062,1.1647,1.3532,1.2884,6.4369,12.4730,4.0828,4.2072,4.1830,10.1116,2.0318,1.9775,2.0350,2.0197,2.0476,3.3573,4.5214,1.4649,1.5396,1.5168,0.0742,0.0200,0.0154,0.0099,0.0184,0.0105,3.3665,4.4614,1.4436,1.4158,1.6020,0.0799,0.0214,0.0148,0.0073,0.0241,0.0124
VEKTOW,-3.0389,-2.1581,-0.0955,-0.0626,-0.0399,0.1345,2.7699,3.1537,1.7065,1.9740,29.1720,7.2236,8.6791,8.4557,0.9474,0.6508,0.5252,3.0357,3.7867,1.2672,1.2227,1.2969,6.3799,12.5525,4.2225,4.1425,4.1876,10.1627,2.0770,1.9399,2.0448,2.0547,2.0463,3.3842,4.5818,1.5390,1.4573,1.5855,0.0694,0.0191,0.0106,0.0139,0.0125,0.0132,3.3574,4.4156,1.5010,1.4998,1.4148,0.0866,0.0195,0.0163,0.0204,0.0133,0.0172
VILZEV,-3.0767,-1.8879,-0.0495,-0.1334,0.0706,0.0334,1.6798,3.0575,2.1103,2.0539,29.2660,7.3057,8.4320,8.4343,0.9252,0.6931,0.0000,3.0284,3.8633,1.4049,1.3114,1.1470,6.5932,12.3808,4.1698,4.1494,4.0617,10.0751,1.9630,2.0136,2.0136,2.0606,2.0243,3.3340,4.5095,1.4585,1.4564,1.5946,0.0800,0.0174,0.0165,0.0166,0.0150,0.0146,3.4040,4.4919,1.5065,1.4993,1.4861,0.0648,0.0005,0.0167,0.0163,0.0079,0.0234
VUXRAH,-3.1579,-2.7851,0.0020,-0.0441,0.1164,-0.1275,2.6144,3.2282,2.0686,1.8780,29.1012,7.2002,8.4034,8.5925,0.9389,0.5241,0.7611,3.0345,3.7625,1.1827,1.2847,1.2951,6.4249,12.5202,4.1323,4.2096,4.1784,10.0525,2.0410,1.9609,2.0017,2.0389,2.0099,3.3653,4.4304,1.4466,1.3955,1.5883,0.0820,0.0191,0.0186,0.0081,0.0243,0.0120,3.4109,4.6454,1.5892,1.4263,1.6300,0.0668,0.0173,0.0073,0.0147,0.0102,0.0173
WEGNON,-3.5252,-2.2800,-0.0327,-0.0963,0.0789,0.1564,2.2142,3.1917,3.3814,2.0972,29.3295,7.2420,6.8617,8.3718,1.0306,0.8211,0.1686,3.0225,3.8269,1.3266,1.2866,1.2137,6.4860,12.4954,4.1471,4.2342,4.1141,10.0509,1.9699,2.0483,1.9977,2.0133,2.0217,3.0110,3.5420,1.1691,1.2520,1.1209,0.3359,0.0663,0.0494,0.0877,0.0513,0.0812,3.3758,4.3926,1.4097,1.4704,1.5124,0.0693,0.0202,0.0048,0.0151,0.0091,0.0200
WELSUD,-3.7204,-1.7365,0.0966,-0.0876,0.1661,0.1221,2.4576,3.1486,2.1260,2.1171,29.1410,7.2833,8.2976,8.3326,1.0145,0.1469,0.6874,3.0234,3.8169,1.2527,1.3982,1.1659,6.3664,12.4649,4.2093,4.1355,4.1201,10.0716,2.0684,1.9715,2.0327,1.9461,2.0529,3.3717,4.3878,1.3987,1.4662,1.5229,0.0682,0.0099,0.0072,0.0256,0.0082,0.0173,3.3412,4.4386,1.4474,1.4877,1.5035,0.0908,0.0256,0.0169,0.0126,0.0231,0.0126
WIBNAY,-3.4870,-2.2852,-0.1051,0.0872,0.2152,0.1420,2.3015,3.3091,3.2201,3.1198,29.0772,7.2749,7.1701,6.9058,0.5002,0.5099,0.4177,2.9681,3.6887,1.1643,1.2353,1.2892,6.3463,12.5324,4.1329,4.2141,4.1853,10.2262,2.0813,2.0292,2.0119,2.0238,2.0801,2.9721,3.5507,1.2181,1.1268,1.2059,0.2431,0.0515,0.0521,0.0411,0.0544,0.0440,2.9681,3.5160,1.2927,1.1531,1.0703,0.3452,0.0589,0.0556,0.0748,0.0626,0.0933
XIFKON01,-3.2000,-1.2303,-0.0357,-0.1184,0.1359,-0.1245,1.8991,3.0906,3.3818,2.6757,29.3751,7.2759,7.0321,7.3959,0.9378,0.7503,0.0000,3.0267,3.8519,1.4060,1.2229,1.2231,6.5395,12.4291,4.1842,4.1330,4.1119,10.0667,1.9832,1.9987,2.0169,2.0364,2.0315,2.9647,3.6244,1.2328,1.2131,1.1786,0.2556,0.0340,0.0520,0.0677,0.0399,0.0619,3.1047,3.8107,1.3428,1.2500,1.2179,0.1936,0.0199,0.0396,0.0616,0.0302,0.0423
XITCIM,-2.6804,-2.0897,-0.1034,-0.1059,0.1194,0.0862,2.1458,3.1073,2.0980,2.7244,29.2066,7.3041,8.4371,7.2044,0.9435,0.4815,0.4688,3.0281,3.8357,1.3134,1.3233,1.1990,6.4579,12.4741,4.1625,4.1717,4.1400,10.1712,2.0097,2.0461,2.0419,2.0576,2.0159,3.3579,4.4399,1.4208,1.5517,1.4674,0.0769,0.0101,0.0169,0.0189,0.0104,0.0206,3.0231,3.6002,1.2870,0.9867,1.3265,0.2662,0.0698,0.0248,0.0590,0.0352,0.0774
YORBAL,-2.6880,-2.0458,-0.1169,-0.0910,0.1415,0.1942,2.3592,3.0766,3.0585,3.2370,29.2636,7.3317,7.2906,7.1576,0.8591,0.5440,0.6107,3.0300,3.8223,1.2418,1.4064,1.1742,6.4186,12.5248,4.1856,4.1680,4.1712,10.1733,2.0405,2.0290,2.0508,2.0121,2.0408,2.9679,3.6484,1.2739,1.1206,1.2539,0.2251,0.0562,0.0204,0.0574,0.0299,0.0612,2.9694,3.5578,1.0827,1.3336,1.1414,0.2590,0.0316,0.0543,0.0727,0.0282,0.0723
ZZZLWW03,-2.7856,-1.8596,-0.2593,-0.0922,0.2430,0.1071,2.2573,3.1359,2.0703,2.0502,29.0926,7.3258,16.5279,8.3803,0.9522,0.6382,0.4008,3.0252,3.8240,1.1553,1.3480,1.3206,6.4839,12.5220,4.0766,4.2677,4.1777,10.2531,2.0148,1.9908,2.0837,2.0477,2.1161,5.3106,10.2277,3.1365,3.4925,3.5987,0.1909,0.0448,0.0401,0.0170,0.0719,0.0171,3.3560,4.4514,1.4360,1.5823,1.4331,0.0796,0.0183,0.0232,0.0041,0.0305,0.0036
